name,age,gender
jon,45,Male
sarah,32,Female
jane,65,Female
jim,70,Male
joe,22,Male
Emily,28,Female
Sophia,41,Female
David,52,Male
Olivia,19,Female
Daniel,36,Male
Ava,27,Female
Michael,63,Male
Emma,31,Female
James,45,Male
Isabella,57,Female
John,29,Male
Mia,33,Female
Robert,48,Male
Sophie,24,Female
Matthew,38,Male
Charlotte,42,Female
William,56,Male
Amelia,26,Female
Joseph,49,Male
Grace,35,Female
Andrew,52,Male
Harper,23,Female
Thomas,64,Male
Abigail,30,Female
Joshua,41,Male
Elizabeth,47,Female
Liam,34,Male
Ella,22,Female
Christopher,54,Male
Victoria,28,Female
Ryan,37,Male
Samantha,40,Female
Nathan,51,Male
Avery,29,Female
Kevin,55,Male
Lily,25,Female
Jason,39,Male
Natalie,43,Female
Benjamin,57,Male
Chloe,32,Female
Brian,46,Male
Addison,21,Female
Eric,33,Male
Layla,36,Female
Steven,50,Male
Hannah,27,Female
Timothy,40,Male
Audrey,34,Female
Anthony,59,Male
Zoe,23,Female
Richard,42,Male
Aiden,31,Male
Stella,38,Female
Charles,53,Male
Nora,24,Female
Jeremy,44,Male
Lucy,29,Female
Scott,45,Male
Ruby,39,Female
Justin,50,Male
Bella,26,Female
Brandon,37,Male
Leah,35,Female
Dylan,58,Male
Maya,30,Female
Patrick,41,Male
Madison,44,Female
Aaron,52,Male
Penelope,28,Female
Kenneth,43,Male
Sofia,22,Female
George,54,Male
Aubrey,33,Female
Henry,47,Male
Brooklyn,21,Female
Edward,49,Male
Gabriella,25,Female
Samuel,38,Male
Lillian,32,Female
Adam,51,Male
Alyssa,36,Female
Jack,56,Male
Layton,26,Male
Aria,27,Female
Austin,39,Male
Ariana,40,Female
Connor,57,Male
Ellie,30,Female
Juan,34,Male
Violet,23,Female
Carlos,48,Male
Savannah,31,Female
Tyler,37,Male
Scarlett,42,Female
Steven,55,Male
Hailey,29,Female
Jose,41,Male
Skylar,24,Female
Gregory,44,Male
Zoey,35,Female
Mason,50,Male
Camila,28,Female
Jesse,43,Male
Arianna,33,Female